Tactic,Technique id,Technique name,Severity
"Discovery","T1018","Remote System Discovery","low"
"Discovery","T1040","Network Sniffing","high"
"Credential Access","T1040","Network Sniffing","high"
"Discovery","T1046","Network Service Discovery","low"
"Reconnaissance","T1046","Network Service Discovery","low"
"Discovery","T1082","System Information Discovery","low"
"Discovery","T1083","File and Directory Discovery","low"
"Credential Access","T1110","Brute Force","low"
"Credential Access","T1110.001","Password Guessing","low"
"Privilege Escalation","T1134","Access Token Manipulation","low"
"Privilege Escalation","T1134.003","Make and Impersonate Token","low"
"Discovery","T1135","Network Share Discovery","low"
"Initial Access","T1190","Exploit Public-Facing Application","low"
"Execution","T1203","Exploitation for Client Execution","low"
"Lateral Movement","T1210","Exploitation of Remote Services","low"
"Collection","T1213","Data from Information Repositories","low"
"Collection","T1213.003","Code Repositories","low"
"Discovery","T1526","Cloud Service Discovery","low"
"Credential Access","T1539","Steal Web Session Cookie","low"
"Reconnaissance","T1590","Gather Victim Network Information","low"
"Reconnaissance","T1590.002","DNS","low"
"Reconnaissance","T1595","Active Scanning","low"
"Reconnaissance","T1595.001","Scanning IP Blocks","low"
"Reconnaissance","T1595.002","Vulnerability Scanning","low"
